{"lo": 291.34866863731156, "hi": 781.7730683461358}